[{"id":"user-image-light-bg.png","publicUrl":"np://user.desktop.nicepage.com/Site_64751151/images/light-bg.png","size":6318,"hash":"rlApmh6nXEvOby2rbd0uHV2NWIs=","fileName":"light-bg.png","name":"light-bg","width":750,"height":500,"thumbnail":{"url":"np://user.desktop.nicepage.com/Site_64751151/images/thumbnails/light-bg.png","width":250,"height":167},"usages":["11165104","52110628","48669703","933601272","290063380","26826979","78748750","67680810"]},{"id":"user-image-female-student.jpg","publicUrl":"np://user.desktop.nicepage.com/Site_64751151/images/female-student.jpg","size":393750,"hash":"zOQ9Y+lI6KbiiM9AVrurT2Z3tqE=","fileName":"female-student.jpg","name":"female-student","width":1280,"height":853,"thumbnail":{"url":"np://user.desktop.nicepage.com/Site_64751151/images/thumbnails/female-student.jpg","width":250,"height":167},"usages":["11165104","52110628","48669703","933601272","67680810"]},{"id":"user-image-male-student.jpg","publicUrl":"np://user.desktop.nicepage.com/Site_64751151/images/male-student.jpg","size":475624,"hash":"wpfC11fOpZA79bOEXIzdnPt5xa8=","fileName":"male-student.jpg","name":"male-student","width":1280,"height":1707,"thumbnail":{"url":"np://user.desktop.nicepage.com/Site_64751151/images/thumbnails/male-student.jpg","width":187,"height":250},"usages":["11165104","52110628","48669703","933601272","67680810"]},{"id":"user-image-logo_name.svg","publicUrl":"np://user.desktop.nicepage.com/Site_64751151/images/logo_name.svg","size":13364,"hash":"WRIUl1XiXMixo0NzUqKM/hy3DlI=","fileName":"logo_name.svg","name":"logo_name","width":2000,"height":518,"thumbnail":{"url":"np://user.desktop.nicepage.com/Site_64751151/images/logo_name.svg","width":250,"height":65},"usages":[]},{"id":"user-image-g-logo.png","publicUrl":"np://user.desktop.nicepage.com/Site_64751151/images/g-logo.png","size":42155,"hash":"+IGExo3uiPNIZgsXTSLBY+CEhJg=","fileName":"g-logo.png","name":"g-logo","width":1024,"height":1024,"thumbnail":{"url":"np://user.desktop.nicepage.com/Site_64751151/images/thumbnails/g-logo.png","width":250,"height":250},"usages":["11165104","52110628","48669703"]},{"id":"user-image-favicon.ico","publicUrl":"np://user.desktop.nicepage.com/Site_64751151/images/favicon.ico","size":9325,"hash":"WUQicfOts9oaxnh4f6YFKoKOrsY=","fileName":"favicon.ico","name":"favicon","width":256,"height":256,"thumbnail":{"url":"np://user.desktop.nicepage.com/Site_64751151/images/favicon.ico","width":250,"height":250},"usages":["78748750"]},{"id":"user-image-Artboard2.svg","publicUrl":"np://user.desktop.nicepage.com/Site_64751151/images/Artboard2.svg","size":16341,"hash":"RCMdcYURz5Z7HnORUXqVlMGElhA=","fileName":"Artboard2.svg","name":"Artboard2","width":4457,"height":2507,"thumbnail":{"url":"np://user.desktop.nicepage.com/Site_64751151/images/Artboard2.svg","width":250,"height":141},"usages":["26826979"]},{"id":"user-image-80c8590267dfc4855ee0f36c89d19fb6858f4b5d83f5b65806a6ed4933f6ee04f821647b11b7c6415aba1876f57786ce217d62d511fa920e50799d_1280.png","publicUrl":"np://user.desktop.nicepage.com/Site_64751151/images/80c8590267dfc4855ee0f36c89d19fb6858f4b5d83f5b65806a6ed4933f6ee04f821647b11b7c6415aba1876f57786ce217d62d511fa920e50799d_1280.png","size":25546,"hash":"yTSG8ULjvLrxr4tZRsyMe6qIkbw=","fileName":"80c8590267dfc4855ee0f36c89d19fb6858f4b5d83f5b65806a6ed4933f6ee04f821647b11b7c6415aba1876f57786ce217d62d511fa920e50799d_1280.png","name":"80c8590267dfc4855ee0f36c89d19fb6858f4b5d83f5b65806a6ed4933f6ee04f821647b11b7c6415aba1876f57786ce217d62d511fa920e50799d_1280","width":1280,"height":1280,"thumbnail":{"url":"np://user.desktop.nicepage.com/Site_64751151/images/thumbnails/80c8590267dfc4855ee0f36c89d19fb6858f4b5d83f5b65806a6ed4933f6ee04f821647b11b7c6415aba1876f57786ce217d62d511fa920e50799d_1280.png","width":250,"height":250},"usages":["67680810"]}]